[
  {
    "signatures": [
      {
        "signature": "sha256:3ff5ca066c726e1c8befd24c33c9b887487ffbedb44334265720950a619ae29b",
        "filename": "ThermalExpansion-[1.7.10]4.0.0B5-13.jar"
      },
      {
        "signature": "sha256:715b60a1eff967a6e2abf47df76c1dccd54fbae0f1bc08f749aa5e3f356838ee",
        "filename": "MineTweaker3-1.7.10-3.0.8B.jar"
      },
      {
        "signature": "sha256:333bbefeff5eb1722dc9b8d2e26c38bc69c1efa07d0ca870480f29d8858aa336",
        "filename": "libraryjavasound-20101123.jar"
      },
      {
        "signature": "sha256:4ccf377918215a9e8a7c2c4e60f258d9ba89ac3fd4c2c0250697c283091da27c",
        "filename": "ComputerCraft1.65.jar"
      },
      {
        "signature": "sha256:d6963161398c3e55bcb0e4f688014f4f12be82f804b4ac8d05eddf56f37675ca",
        "filename": "CodeChickenCore-1.7.10-1.0.3.26-universal.jar"
      },
      {
        "signature": "sha256:eb0ca9bdd938f80711152a758d6bc331a8b0d769199d457294dc67ed03f73498",
        "filename": "log4j-api-2.0-beta9.jar"
      },
      {
        "signature": "sha256:abd02320e2356f89d054dae4cf02306bef20a9cf7865b3ac94ec7552b4f1528b",
        "filename": "httpcore-4.3.2.jar"
      },
      {
        "signature": "sha256:4a363055dc7682e106a7e6ac94f9f2c06c7946b6ced8a92f3003399e454a625d",
        "filename": "ironchest-1.7.10-6.0.41.729-universal.jar"
      },
      {
        "signature": "sha256:608448e334971faba8ab3c4aec43417789a421d0bd4befcbba2306da852bed5a",
        "filename": "Mantle-mc1.7.10-0.3.1.jar"
      },
      {
        "signature": "sha256:ef067ae9c76085f79a3c99ebdc0feca2210f464d167e409ab8fa5a081acc022b",
        "filename": "ForgeMultipart-1.7.10-1.1.0.300-universal.jar"
      },
      {
        "signature": "sha256:b491affe562d7d0ebeba170f7e3a4ba636008ef1197575aea55f7ca073be44b9",
        "filename": "TiCTooltips-mc1.7.10-1.1.10.jar"
      },
      {
        "signature": "sha256:5d2964114be049b430b6423caa03fc44a34546ec49814b44db9e434c8a63a529",
        "filename": "authlib-1.5.13.jar"
      },
      {
        "signature": "sha256:0c3085cb93c3ef95d731c274b6f2dd195aa0405fe9328d69cab7f5e899d5e124",
        "filename": "lzma-0.0.1.jar"
      },
      {
        "signature": "sha256:6c3338a4062c13dc2ce61630d9854d361a81656a4050e5080302f500dd4a8832",
        "filename": "scala-xml_2.11-1.0.2.jar"
      },
      {
        "signature": "sha256:8dc73bb4d4b368c43c8c21ed298324ed3739f0024d9373d11da5c274d38984d5",
        "filename": "scala-continuations-plugin_2.11.1-1.0.2.jar"
      },
      {
        "signature": "sha256:c3334ff39cf0ab3b54925619101054c90098b7c733b1e7834c7b75e4c41e84a5",
        "filename": "jutils-1.0.0.jar"
      },
      {
        "signature": "sha256:b89d0beb76df20c7b2c2bee59ba53b802cc48566bc3e89ac96ce6361c5c2ee38",
        "filename": "scala-actors-migration_2.11-1.1.0.jar"
      },
      {
        "signature": "sha256:6c4b4e50e608763564afa1bde2d25ece9dd715e7c9129540faa1faded4896506",
        "filename": "codecjorbis-20101023.jar"
      },
      {
        "signature": "sha256:9844cc9b5440d65a88d28bcba9d771374d2dfdab898848cda164611091633013",
        "filename": "httpclient-4.3.3.jar"
      },
      {
        "signature": "sha256:6b06b9d147497b9c62e7cc480b7d37723afb9f75b0e6ff8cfa9e3fcbb6af0c5b",
        "filename": "EnderStorage-1.7.10-1.4.5.23-universal.jar"
      },
      {
        "signature": "sha256:32d7e73005a2dc0ccc3c62470c435b351f6501de8e8718e26960534754570a77",
        "filename": "lwjgl_util-2.9.1.jar"
      },
      {
        "signature": "sha256:3e6857be4ea17c6fe8634a9abf200bb32e1a499782dc04dc4e9fb24967b9dd4d",
        "filename": "NotEnoughItems-1.7.10-1.0.3.56-universal.jar"
      },
      {
        "signature": "sha256:70903f6fc82e9908c8da9f20443f61d90f0870a312642991fe8462a0b9391784",
        "filename": "commons-logging-1.1.3.jar"
      },
      {
        "signature": "sha256:bbb0bc82343c7ddd0cb7411a717619600c25a3afbecd017fa6c35f48edb14e06",
        "filename": "CodeChickenLib-1.7.10-1.1.1.101-universal.jar"
      },
      {
        "signature": "sha256:6d723b4de99e440e8fefcbbe989e486f2b31af51b2f3928fb801ea057125ab0f",
        "filename": "Railcraft_1.7.10-9.2.2.0.jar"
      },
      {
        "signature": "sha256:cc6a41dc3eaacc9e440a6bd0d2890b20d36b4ee408fe2d67122f328bb6e01581",
        "filename": "commons-io-2.4.jar"
      },
      {
        "signature": "sha256:96eaa32232b5a5b0f9afc121a0e1b2416e3dca50657b31e5431c0a04ae650552",
        "filename": "netty-all-4.0.10.Final.jar"
      },
      {
        "signature": "sha256:8b141026e0be476978015a789680f2e550c1bef4518065ff5dbf5ad640ea2164",
        "filename": "MouseTweaks-2.4.4-mc1.7.10.jar"
      },
      {
        "signature": "sha256:510e5f0fdd4840fdddb9dfd8b526847631e0afef3e7b3fd0ed1961f235c7aafa",
        "filename": "buildcraft-6.0.18.jar"
      },
      {
        "signature": "sha256:4c6a567be75b6fe31bd61cfb9c341a40bc7e386db16912265b3ebe86f5337fa4",
        "filename": "akka-actor_2.11-2.3.3.jar"
      },
      {
        "signature": "sha256:8772f727448b8c68785331ae051cb5d80ac6ade14b36646eed101f621356b1b1",
        "filename": "OpenEye-0.6-1.7.10.jar"
      },
      {
        "signature": "sha256:1d3b8d44f6cd80cc5f327a5b12154175ec9992ef8aadff6090d10a57ba7b4713",
        "filename": "ProjectRed-Base-1.7.10-4.4.8.47.jar"
      },
      {
        "signature": "sha256:19495ce701fd9ba3c499c137e3ad5364acee8f87a01ef99e912f995a23fd4cb1",
        "filename": "scala-parser-combinators_2.11-1.0.1.jar"
      },
      {
        "signature": "sha256:987d93cd7e7b0686a656cf89e64cd5071c9134509ae4a4baba66f8d8683bf0f0",
        "filename": "realms-1.2.9.jar"
      },
      {
        "signature": "sha256:8bb37fe90579df168a1d4d950cca87ea4299038045470ac0efe61bc4e6873ede",
        "filename": "launchwrapper-1.9.jar"
      },
      {
        "signature": "sha256:3c8616203d61a12a7e3487e8b34f3c198c2b5ba9e90da0c7ea32d99cd4958012",
        "filename": "trove4j-3.0.3.jar"
      },
      {
        "signature": "sha256:8024c2503bf83efa7dff153fe024c1624f5f756be0ec5fc11c856fe420864d26",
        "filename": "commons-lang3-3.2.1.jar"
      },
      {
        "signature": "sha256:27ed47c2fa10dd162a328dab6dfadf53fcf3ecc1727e9d0829d37946e7df51ae",
        "filename": "Opis-1.2.3_1.7.10.jar"
      },
      {
        "signature": "sha256:f6e85646e18db639729b36b2e86d4a17b8cebde2ef7d5d48cc169a78db5d3196",
        "filename": "TConstruct_mc1.7.10_1.6.0d40.1.jar"
      },
      {
        "signature": "sha256:b886a32d2a8102e36e89e726721dfe1602ff115677fbe43da8ece99ae9e7bacb",
        "filename": "Chisel-1.7.10-1.5.6b.jar"
      },
      {
        "signature": "sha256:dbaa088690a23a954eff669a99d2452a24dd9f10d866725ff5d29ff4740a897e",
        "filename": "vecmath-1.3.1.jar"
      },
      {
        "signature": "sha256:389b75eb3b6b61a363136f21fac6b8f55b3dcef3b3c52ad26409cf02cc34367c",
        "filename": "AOBD-2.2.4.jar"
      },
      {
        "signature": "sha256:befedbc38ff2a3ff8efa876c815c2b32e512e52e1db9452533a4f05bee4847b0",
        "filename": "Waila-1.5.3a_1.7.10.jar"
      },
      {
        "signature": "sha256:74b3c8c216a0c0fdc5c84d9a7002052c387074c37c24d4fbc2d644281a6ced75",
        "filename": "ProjectRed-Integration-1.7.10-4.4.8.47.jar"
      },
      {
        "signature": "sha256:3aa616f5c56d2052fc5e3231f3e8cf1736f876caff0142a66096fc5b4dc87ae5",
        "filename": "scala-compiler-2.11.1.jar"
      },
      {
        "signature": "sha256:bb7d17b340afe6abdfbfdaa03683bce4aef39a64887dbab0636eaff3cf2d59ba",
        "filename": "codecwav-20101023.jar"
      },
      {
        "signature": "sha256:4a7c757d4d87dd37382bd777ad611b5875748aef148277cf25bb39eebb496d07",
        "filename": "scala-swing_2.11-1.0.1.jar"
      },
      {
        "signature": "sha256:2bc20a85683ad696f8a3bb6e97cd92a03e79f7138c4d9eebc32425709264bddc",
        "filename": "CoFHCore-[1.7.10]3.0.0B6-32.jar"
      },
      {
        "signature": "sha256:e468e18bfcfa199388b91785ad6be5195c0ea76ab928d85fce27ced03f4042e9",
        "filename": "NEIPlugins-MC1.7.10-1.1.0.8-unofficial.jar"
      },
      {
        "signature": "sha256:c0328cd07ca9e363a5acd00c1cf4afe8cf554bd6d373834981ba05cebec687fb",
        "filename": "gson-2.2.4.jar"
      },
      {
        "signature": "sha256:53e0326c79d4edd5d7637cd21403b0373b8c3de2ca647bed1005907de836dcbc",
        "filename": "ThermalFoundation-[1.7.10]1.0.0B3-8.jar"
      },
      {
        "signature": "sha256:41938d1e89670979dd783102777a8b879999f4fb00a5b811b51c105b02a9d4f8",
        "filename": "scala-reflect-2.11.1.jar"
      },
      {
        "signature": "sha256:343833dc9b40a61c338c9d156c93891163a5ba9dc7997d8c157733f42401e6de",
        "filename": "ProjectRed-Compat-1.7.10-4.4.8.47.jar"
      },
      {
        "signature": "sha256:ea32a56d38f0d7ae5a17e79df2e1622299e63c4a084a1215ff86d8889ecb6f48",
        "filename": "HQM-The Journey (4.2.1).jar"
      },
      {
        "signature": "sha256:f68c5771d3d1e2f47fae80f3ceaf87d437eb6887ba5b0dd9018f258b754a6326",
        "filename": "CoFHLib-[1.7.10]1.0.0B6-26.jar"
      },
      {
        "signature": "sha256:e1c69aedaa6968c3ff2a5df96f3ee024acad30572a26d8bf741caa69998313df",
        "filename": "MobiusCore-1.2.3_1.7.10.jar"
      },
      {
        "signature": "sha256:2c4a9bdee6dac7f840ea015c8a5dd1bb72b63ebaa15954997bad4ec8b7ce2f69",
        "filename": "ModTweaker-1.7.X-0.6-16.jar"
      },
      {
        "signature": "sha256:b348406393b2217e5f4ec41f456d67a0d5a22c74dab6b9ce467755cfbd013eb2",
        "filename": "WailaHarvestability-mc1.7.x-1.1.0.jar"
      },
      {
        "signature": "sha256:fea466c7ba36589581dd849ca5bbb72446ef42ec516816f77e0e992f6ccefa2c",
        "filename": "forestry_1.7.10-3.0.0.116.jar"
      },
      {
        "signature": "sha256:491cf3de10601f4d037bdeaab75bc3e99020d43d3107f4179fe8eebc803fec80",
        "filename": "forge-1.7.10-10.13.0.1207-universal.jar"
      },
      {
        "signature": "sha256:64335a48be6b142a7d0c13ec5c82a707857aa58c0234e6eda3eaca0e96eea51b",
        "filename": "jopt-simple-4.5.jar"
      },
      {
        "signature": "sha256:79b5a4f5829e1a49a415711f7fb8eb5b9ad22defa72929fda2da96ec30d3f018",
        "filename": "jinput-2.0.5.jar"
      },
      {
        "signature": "sha256:6dd9f1d8fd2207afeca8e8f57a87d18914becdcf1ab236202d416eae76c53697",
        "filename": "appliedenergistics2-rv1-beta-27.jar"
      },
      {
        "signature": "sha256:e1d81bd7532753d3a98b09752c4d6992f33601523ba121f22827fcb55ff71ed4",
        "filename": "[1.7.10]DamageIndicatorsMod-3.2.0.jar"
      },
      {
        "signature": "sha256:dcde6033b205433d6e9855c93740f798951fa3a3f252035a768d9f356fde806d",
        "filename": "log4j-core-2.0-beta9.jar"
      },
      {
        "signature": "sha256:ad19d2601c3abf0b946b5c3a4113e226a8c1e3305e395b90013b78dd94a723ce",
        "filename": "commons-codec-1.9.jar"
      },
      {
        "signature": "sha256:d66851394ccb3458246f8375f2153b548f12b40980c11d73c3f1a416e73906a2",
        "filename": "InventoryTweaks-1.58-147.jar"
      },
      {
        "signature": "sha256:c118f8d84313980f79e1e7f7ae4b14b10c2f20c77ea4a1c29f6f0b02bc139077",
        "filename": "lwjgl-2.9.1.jar"
      },
      {
        "signature": "sha256:107d11509f6af59b8c2ba23df828bc5d3c4e067b58f3d858c7deb90ca5308f84",
        "filename": "librarylwjglopenal-20100824.jar"
      },
      {
        "signature": "sha256:741cf706b370de5c039c431733dff5fee0280f3d3f39d00601a3d170bbba992e",
        "filename": "Pams Clay Spawn 1.7.2a.zip"
      },
      {
        "signature": "sha256:5fca136503f86ecc6cb61fbd17b137d59e56b45c7a5494e6b8fd3cabd4697fbd",
        "filename": "commons-compress-1.8.1.jar"
      },
      {
        "signature": "sha256:1307f449da2c390a3b0ca3959e2c791505cc9c494f0218f4d08e11ca288ea67d",
        "filename": "AsieLib-1.7.10-0.2.12.jar"
      },
      {
        "signature": "sha256:165b583b0b548405dd97019666f94a86ee1d1e3af227ae4dc82c6e27d6885bb1",
        "filename": "asm-all-4.1.jar"
      },
      {
        "signature": "sha256:147592c5eb8e11fc8394125954f877acf25918bae13aa210c2825aefc3030ed8",
        "filename": "icu4j-core-mojang-51.2.jar"
      },
      {
        "signature": "sha256:a4fc2284657544e0f4bcc964f927c2fda3e3a205178ed1d5d58883aaf9780cce",
        "filename": "minecraft.jar"
      },
      {
        "signature": "sha256:fa917f4f3f6a76375134ba89a40d3a1ce807945a91bbdbe39c31f76e03030868",
        "filename": "guava-16.0.jar"
      },
      {
        "signature": "sha256:a0250933fe8cc6a44eb098016d4dadaba7746a27efc3d5a7f4f4c9bf247cfe09",
        "filename": "ejml-0.23.jar"
      },
      {
        "signature": "sha256:2882d64550240dd0c026724da664d9f97ef205c91d6a85273d10790d88608f34",
        "filename": "soundsystem-20120107.jar"
      },
      {
        "signature": "sha256:da4b6edf541c98d962eb8ec82a998fc661a21e30969cb0a47b5639212ecaf97a",
        "filename": "DynamicLights-1.7.10.jar"
      },
      {
        "signature": "sha256:088bcb80f71b6e6a2a31d2fe7288c1fd64f19663ce281b924cdfab3fb105f4f3",
        "filename": "scala-library-2.11.1.jar"
      },
      {
        "signature": "sha256:e94b137f6ba274ed108dec866a69299b7e174bb360b20fae0788780563012f83",
        "filename": "config-1.2.1.jar"
      },
      {
        "signature": "sha256:795063ae7b5129efbde5080ed15709b2c110715b37f56d1fd04f991da5edfecb",
        "filename": "industrialcraft-2-2.2.636-experimental.jar"
      },
      {
        "signature": "sha256:f921abc9c792f594f7fc6fc06b4a7ea330b646ea5ed3785e3589f90b16b2aad1",
        "filename": "twitch-5.16.jar"
      }
    ],
    "addedSignatures": [
      "sha256:79b5a4f5829e1a49a415711f7fb8eb5b9ad22defa72929fda2da96ec30d3f018",
      "sha256:b491affe562d7d0ebeba170f7e3a4ba636008ef1197575aea55f7ca073be44b9",
      "sha256:2bc20a85683ad696f8a3bb6e97cd92a03e79f7138c4d9eebc32425709264bddc",
      "sha256:8dc73bb4d4b368c43c8c21ed298324ed3739f0024d9373d11da5c274d38984d5",
      "sha256:64335a48be6b142a7d0c13ec5c82a707857aa58c0234e6eda3eaca0e96eea51b",
      "sha256:c3334ff39cf0ab3b54925619101054c90098b7c733b1e7834c7b75e4c41e84a5",
      "sha256:e94b137f6ba274ed108dec866a69299b7e174bb360b20fae0788780563012f83",
      "sha256:343833dc9b40a61c338c9d156c93891163a5ba9dc7997d8c157733f42401e6de",
      "sha256:608448e334971faba8ab3c4aec43417789a421d0bd4befcbba2306da852bed5a",
      "sha256:8b141026e0be476978015a789680f2e550c1bef4518065ff5dbf5ad640ea2164",
      "sha256:41938d1e89670979dd783102777a8b879999f4fb00a5b811b51c105b02a9d4f8",
      "sha256:ad19d2601c3abf0b946b5c3a4113e226a8c1e3305e395b90013b78dd94a723ce",
      "sha256:0c3085cb93c3ef95d731c274b6f2dd195aa0405fe9328d69cab7f5e899d5e124",
      "sha256:74b3c8c216a0c0fdc5c84d9a7002052c387074c37c24d4fbc2d644281a6ced75",
      "sha256:eb0ca9bdd938f80711152a758d6bc331a8b0d769199d457294dc67ed03f73498",
      "sha256:a4fc2284657544e0f4bcc964f927c2fda3e3a205178ed1d5d58883aaf9780cce",
      "sha256:1307f449da2c390a3b0ca3959e2c791505cc9c494f0218f4d08e11ca288ea67d",
      "sha256:8bb37fe90579df168a1d4d950cca87ea4299038045470ac0efe61bc4e6873ede",
      "sha256:c0328cd07ca9e363a5acd00c1cf4afe8cf554bd6d373834981ba05cebec687fb",
      "sha256:befedbc38ff2a3ff8efa876c815c2b32e512e52e1db9452533a4f05bee4847b0",
      "sha256:6b06b9d147497b9c62e7cc480b7d37723afb9f75b0e6ff8cfa9e3fcbb6af0c5b",
      "sha256:b348406393b2217e5f4ec41f456d67a0d5a22c74dab6b9ce467755cfbd013eb2",
      "sha256:d66851394ccb3458246f8375f2153b548f12b40980c11d73c3f1a416e73906a2",
      "sha256:abd02320e2356f89d054dae4cf02306bef20a9cf7865b3ac94ec7552b4f1528b",
      "sha256:3c8616203d61a12a7e3487e8b34f3c198c2b5ba9e90da0c7ea32d99cd4958012",
      "sha256:53e0326c79d4edd5d7637cd21403b0373b8c3de2ca647bed1005907de836dcbc",
      "sha256:5fca136503f86ecc6cb61fbd17b137d59e56b45c7a5494e6b8fd3cabd4697fbd",
      "sha256:165b583b0b548405dd97019666f94a86ee1d1e3af227ae4dc82c6e27d6885bb1",
      "sha256:cc6a41dc3eaacc9e440a6bd0d2890b20d36b4ee408fe2d67122f328bb6e01581",
      "sha256:c118f8d84313980f79e1e7f7ae4b14b10c2f20c77ea4a1c29f6f0b02bc139077",
      "sha256:510e5f0fdd4840fdddb9dfd8b526847631e0afef3e7b3fd0ed1961f235c7aafa",
      "sha256:f68c5771d3d1e2f47fae80f3ceaf87d437eb6887ba5b0dd9018f258b754a6326",
      "sha256:fa917f4f3f6a76375134ba89a40d3a1ce807945a91bbdbe39c31f76e03030868",
      "sha256:715b60a1eff967a6e2abf47df76c1dccd54fbae0f1bc08f749aa5e3f356838ee",
      "sha256:4ccf377918215a9e8a7c2c4e60f258d9ba89ac3fd4c2c0250697c283091da27c",
      "sha256:dbaa088690a23a954eff669a99d2452a24dd9f10d866725ff5d29ff4740a897e",
      "sha256:70903f6fc82e9908c8da9f20443f61d90f0870a312642991fe8462a0b9391784",
      "sha256:107d11509f6af59b8c2ba23df828bc5d3c4e067b58f3d858c7deb90ca5308f84",
      "sha256:dcde6033b205433d6e9855c93740f798951fa3a3f252035a768d9f356fde806d",
      "sha256:a0250933fe8cc6a44eb098016d4dadaba7746a27efc3d5a7f4f4c9bf247cfe09",
      "sha256:8024c2503bf83efa7dff153fe024c1624f5f756be0ec5fc11c856fe420864d26",
      "sha256:088bcb80f71b6e6a2a31d2fe7288c1fd64f19663ce281b924cdfab3fb105f4f3",
      "sha256:8772f727448b8c68785331ae051cb5d80ac6ade14b36646eed101f621356b1b1",
      "sha256:3e6857be4ea17c6fe8634a9abf200bb32e1a499782dc04dc4e9fb24967b9dd4d",
      "sha256:795063ae7b5129efbde5080ed15709b2c110715b37f56d1fd04f991da5edfecb",
      "sha256:147592c5eb8e11fc8394125954f877acf25918bae13aa210c2825aefc3030ed8",
      "sha256:bbb0bc82343c7ddd0cb7411a717619600c25a3afbecd017fa6c35f48edb14e06",
      "sha256:4a363055dc7682e106a7e6ac94f9f2c06c7946b6ced8a92f3003399e454a625d",
      "sha256:333bbefeff5eb1722dc9b8d2e26c38bc69c1efa07d0ca870480f29d8858aa336",
      "sha256:96eaa32232b5a5b0f9afc121a0e1b2416e3dca50657b31e5431c0a04ae650552",
      "sha256:2882d64550240dd0c026724da664d9f97ef205c91d6a85273d10790d88608f34",
      "sha256:e468e18bfcfa199388b91785ad6be5195c0ea76ab928d85fce27ced03f4042e9",
      "sha256:2c4a9bdee6dac7f840ea015c8a5dd1bb72b63ebaa15954997bad4ec8b7ce2f69",
      "sha256:6dd9f1d8fd2207afeca8e8f57a87d18914becdcf1ab236202d416eae76c53697",
      "sha256:f921abc9c792f594f7fc6fc06b4a7ea330b646ea5ed3785e3589f90b16b2aad1",
      "sha256:3ff5ca066c726e1c8befd24c33c9b887487ffbedb44334265720950a619ae29b",
      "sha256:389b75eb3b6b61a363136f21fac6b8f55b3dcef3b3c52ad26409cf02cc34367c",
      "sha256:3aa616f5c56d2052fc5e3231f3e8cf1736f876caff0142a66096fc5b4dc87ae5",
      "sha256:491cf3de10601f4d037bdeaab75bc3e99020d43d3107f4179fe8eebc803fec80",
      "sha256:fea466c7ba36589581dd849ca5bbb72446ef42ec516816f77e0e992f6ccefa2c",
      "sha256:6c3338a4062c13dc2ce61630d9854d361a81656a4050e5080302f500dd4a8832",
      "sha256:987d93cd7e7b0686a656cf89e64cd5071c9134509ae4a4baba66f8d8683bf0f0",
      "sha256:b89d0beb76df20c7b2c2bee59ba53b802cc48566bc3e89ac96ce6361c5c2ee38",
      "sha256:f6e85646e18db639729b36b2e86d4a17b8cebde2ef7d5d48cc169a78db5d3196",
      "sha256:1d3b8d44f6cd80cc5f327a5b12154175ec9992ef8aadff6090d10a57ba7b4713",
      "sha256:32d7e73005a2dc0ccc3c62470c435b351f6501de8e8718e26960534754570a77",
      "sha256:6d723b4de99e440e8fefcbbe989e486f2b31af51b2f3928fb801ea057125ab0f",
      "sha256:da4b6edf541c98d962eb8ec82a998fc661a21e30969cb0a47b5639212ecaf97a",
      "sha256:19495ce701fd9ba3c499c137e3ad5364acee8f87a01ef99e912f995a23fd4cb1",
      "sha256:741cf706b370de5c039c431733dff5fee0280f3d3f39d00601a3d170bbba992e",
      "sha256:27ed47c2fa10dd162a328dab6dfadf53fcf3ecc1727e9d0829d37946e7df51ae",
      "sha256:4a7c757d4d87dd37382bd777ad611b5875748aef148277cf25bb39eebb496d07",
      "sha256:ea32a56d38f0d7ae5a17e79df2e1622299e63c4a084a1215ff86d8889ecb6f48",
      "sha256:d6963161398c3e55bcb0e4f688014f4f12be82f804b4ac8d05eddf56f37675ca",
      "sha256:bb7d17b340afe6abdfbfdaa03683bce4aef39a64887dbab0636eaff3cf2d59ba",
      "sha256:e1d81bd7532753d3a98b09752c4d6992f33601523ba121f22827fcb55ff71ed4",
      "sha256:ef067ae9c76085f79a3c99ebdc0feca2210f464d167e409ab8fa5a081acc022b",
      "sha256:5d2964114be049b430b6423caa03fc44a34546ec49814b44db9e434c8a63a529",
      "sha256:6c4b4e50e608763564afa1bde2d25ece9dd715e7c9129540faa1faded4896506",
      "sha256:b886a32d2a8102e36e89e726721dfe1602ff115677fbe43da8ece99ae9e7bacb",
      "sha256:e1c69aedaa6968c3ff2a5df96f3ee024acad30572a26d8bf741caa69998313df",
      "sha256:9844cc9b5440d65a88d28bcba9d771374d2dfdab898848cda164611091633013",
      "sha256:4c6a567be75b6fe31bd61cfb9c341a40bc7e386db16912265b3ebe86f5337fa4"
    ],
    "removedSignatures": [],
    "workTime": 3640439.0,
    "language": "en_US",
    "locale": "en_US",
    "timezone": "America/New_York",
    "branding": [
      "Minecraft 1.7.10",
      "MCP v9.05",
      "FML v7.10.25.1207",
      "Minecraft Forge 10.13.0.1207",
      "Optifine OptiFine_1.7.10_HD_U_A4",
      "61 mods loaded, 60 mods active"
    ],
    "runtime": {
      "mcp": "MCP v9.05",
      "fml": "7.10.25.1207",
      "forge": "10.13.0.1207"
    },
    "minecraft": "Minecraft 1.7.10",
    "javaVersion": "Oracle Corporation 1.8.0_11",
    "side": "client",
    "obfuscated": true,
    "type": "analytics"
  }
]